SN,CHO Registration No,CBO Registration No,Employee Name,Employee ID,PRAN,EmployerContribution,EmployeeContribution,Totalcontributionamount,ContributionType,ContributionMonth,ContributionYear,ContributionRemarks,RegistrationCharges
1,920012,941115,Aarav Mehta,EMP001  ,110003641201,3500,3780,7280,V,4,2025,,No
2,920012,941115,Riya Sharma,EMP002  ,110017082393,4200,4520,8720,V,4,2025,,No
3,920012,941115,Karan Malhotra,EMP003  ,110040000080,2800,2890,5690,V,4,2025,,No
4,920012,941115,Sneha Iyer,EMP004  ,110053474570,5000,5110,10110,V,4,2025,,No
5,920012,941115,Devansh Kapoor,EMP005  ,110057717089,3750,3675,7425,V,4,2025,,No
6,920012,941115,Neha Bansal,EMP006  ,110073027025,4600,4390,8990,V,4,2025,,No
7,920012,941115,Aditya Rao,EMP007  ,110083648563,3300,3240,6540,V,4,2025,,No
8,920012,941115,Pooja Verma,EMP008  ,110086691167,4900,4955,9855,V,4,2025,,No
9,920012,941115,Vikram Singh,EMP009  ,110097352555,2950,3100,6050,V,4,2025,,No
10,920012,941115,Ishita Jain,EMP010  ,110105982362,3800,3865,7665,V,4,2025,,No
